"TABLE_NAME","COLUMN_NAME","DATA_TYPE"
agendamento,confirmacaoPaciente,bit
agendamento,corConfirmacao,varchar
agendamento,dataAgendamento,date
agendamento,flgAgendamento,smallint
agendamento,flgDiaAnterior,smallint
agendamento,idAgendamento,int
agendamento,idConvenio,int
agendamento,idHorarioAgendamento,int
agendamento,idPaciente,int
agendamento,idProfissional,int
agendamento,idTipoAtendimento,int
agendamento,observacao,varchar
agendamento,status,smallint
agendamento,statusAtendimento,int
anotacaogeral,anotacaoGeral,text
anotacaogeral,dia,varchar
anotacaogeral,dtCadastro,date
anotacaogeral,horario,varchar
anotacaogeral,idAnotacaoGeral,int
anotacaogeral,idPaciente,int
anotacaogeral,idProfissional,int
anotacaogeral,nomeAnotador,varchar
aso,aptoInapto,smallint
aso,aptoRestricoesTAltura,smallint
aso,aptoRestricoesTConfinado,smallint
aso,aptoRestricoesTControlado,smallint
aso,crm,varchar
aso,dtAtestado,date
aso,funcao,varchar
aso,idASO,int
aso,idConvenio,int
aso,idPaciente,int
aso,idPcmsoSetores,int
aso,matricula,varchar
aso,profissionalCoordenador,varchar
aso,rbBacilos,smallint
aso,rbBacterias,smallint
aso,rbFungos,smallint
aso,rbParasitas,smallint
aso,rbProtozoarios,smallint
aso,rbVirus,smallint
aso,reControleRigidoProdutividade,smallint
aso,reEsforcoFisico,smallint
aso,reExigenciaposturaInadequada,smallint
aso,reLevantamentoPeso,smallint
aso,reMonotoniaRepetitividade,smallint
aso,reSituacoesStress,smallint
aso,reTrabalhoTurnoNoturno,smallint
aso,rfCalor,smallint
aso,rfFrio,smallint
aso,rfPressoesAnormais,smallint
aso,rfRadiacoesIonizantes,smallint
aso,rfradiacoesNaoIonnizantes,smallint
aso,rfRuidos,smallint
aso,rfUmidade,smallint
aso,rfVibracoes,smallint
aso,rmDiferencaNivel,smallint
aso,rmEletricidade,smallint
aso,rqBtx,smallint
aso,rqFumosMetalicos,smallint
aso,rqGases,smallint
aso,rqneblinas,smallint
aso,rqNevoa,smallint
aso,rqOleoEGraxa,smallint
aso,rqPoeiraMineral,smallint
aso,rqpoeiraRespiravel,smallint
aso,rqPoeirasMetalicos,smallint
aso,rqProdutosQuimicos,smallint
aso,rqVapores,smallint
aso,tipoAso,varchar
atendimento,aceitacao,smallint
atendimento,anestesia,varchar
atendimento,dataAtendimento,date
atendimento,descOrcamento,varchar
atendimento,dtCadastro,datetime
atendimento,dtExecucao,datetime
atendimento,dtFinalizado,datetime
atendimento,dtPagamento,datetime
atendimento,horarioAtendimento,time
atendimento,hrFinal,datetime
atendimento,hrInicial,datetime
atendimento,idAgendamento,int
atendimento,idAtendimento,int
atendimento,idCirurgiaoPrincipal,int
atendimento,idConvenio,int
atendimento,idPaciente,int
atendimento,idProfissionaisAnestesistas,varchar
atendimento,idProfissionaisCirurgia,varchar
atendimento,idProfissional,int
atendimento,idRespostaComoConheceu,int
atendimento,idTipoAtendimento,int
atendimento,obsCirurgiaASerRealizada,varchar
atendimento,observacoes,varchar
atendimento,quartoDeInternacao,varchar
atendimento,situacaoPagamento,smallint
atendimento,status,smallint
atendimento,statusAtendimento,smallint
atendimento,statusTiss,smallint
atendimento,valorOrcamento,double
atendimento,valorTotal,double
atendimentobasico,altura,text
atendimentobasico,diagnosticoPrincipal,text
atendimentobasico,diagnosticoSecundario,text
atendimentobasico,disturbios,text
atendimentobasico,exameFisico,text
atendimentobasico,examesLaboratorias,text
atendimentobasico,hf,text
atendimentobasico,hma,text
atendimentobasico,hmp,text
atendimentobasico,idAtendimento,int
atendimentobasico,idAtendimentoBasico,int
atendimentobasico,imc,text
atendimentobasico,indicacaoAcidente,smallint
atendimentobasico,indicacaoClinica,varchar
atendimentobasico,metodosImagens,text
atendimentobasico,motivoEncerramento,varchar
atendimentobasico,obervacaoAnamnese,text
atendimentobasico,observacao,text
atendimentobasico,peso,text
atendimentobasico,qp,text
atendimentobasico,tipoConsulta,smallint
atendimentoconduta,idAtendimento,int
atendimentoconduta,idAtendimentoConduta,int
atendimentoconduta,idConduta,int
atendimentocondutagravada,descricao,text
atendimentocondutagravada,idAtendimentoConduta,int
atendimentocondutagravada,idAtendimentoCondutaGravada,int
atendimentocondutagravada,nome,varchar
atendimentofichaclinica,alcoolismo,varchar
atendimentofichaclinica,alergico,smallint
atendimentofichaclinica,atividadesFisicas,smallint
atendimentofichaclinica,deficiente,smallint
atendimentofichaclinica,descAlergia,smallint
atendimentofichaclinica,descAtividadesFisicas,varchar
atendimentofichaclinica,descDoencasAnterioresOutros,varchar
atendimentofichaclinica,descHfOutros,varchar
atendimentofichaclinica,doencasAnterioresAsma,smallint
atendimentofichaclinica,doencasAnterioresCardioVasculares,smallint
atendimentofichaclinica,doencasAnterioresDerrames,smallint
atendimentofichaclinica,doencasAnterioresDisritmia,smallint
atendimentofichaclinica,doencasAnterioresEplepsia,smallint
atendimentofichaclinica,doencasAnterioresHepatite,smallint
atendimentofichaclinica,doencasAnterioresOutros,smallint
atendimentofichaclinica,doencasAnterioresPerdaAudicao,smallint
atendimentofichaclinica,doencasAnterioresPneumonia,smallint
atendimentofichaclinica,doencasAnterioresPressaoAlta,smallint
atendimentofichaclinica,doencasAnterioresPressaoBaixa,smallint
atendimentofichaclinica,fatorRh,smallint
atendimentofichaclinica,freqAtividadesFisicas,varchar
atendimentofichaclinica,hfAlcoolismo,smallint
atendimentofichaclinica,hfCancer,smallint
atendimentofichaclinica,hfCardioVascular,smallint
atendimentofichaclinica,hfDerrames,smallint
atendimentofichaclinica,hfDiabetes,smallint
atendimentofichaclinica,hfHipertensao,smallint
atendimentofichaclinica,hfObesidade,smallint
atendimentofichaclinica,hfOutros,smallint
atendimentofichaclinica,hfPsiquiatrica,smallint
atendimentofichaclinica,idAtendimento,int
atendimentofichaclinica,idAtendimentoFichaClinica,int
atendimentofichaclinica,internacao,smallint
atendimentofichaclinica,tabagismo,varchar
atendimentofichaclinica,tipoSanguineo,varchar
atendimentofichaclinica,transfusao,smallint
atendimentofichaclinica,vacinacaoAntitetanica,smallint
atendimentofichaclinica,vacinacaoCaxuma,smallint
atendimentofichaclinica,vacinacaoGripe,smallint
atendimentofichaclinica,vacinacaoHepatite,smallint
atendimentofichaclinica,vacinacaoSarampo,smallint
atendimentofisioterapia,agravaCom,varchar
atendimentofisioterapia,aliviaCom,varchar
atendimentofisioterapia,altura,varchar
atendimentofisioterapia,anteBracoDireito,varchar
atendimentofisioterapia,anteBracoEsquerdo,varchar
atendimentofisioterapia,antecedentesPessoaisEFamiliares,varchar
atendimentofisioterapia,arcoMAtivoFixacao,bit
atendimentofisioterapia,arcoMAtivoHipermobilidade,bit
atendimentofisioterapia,arcoMAtivoHipomobilidade,bit
atendimentofisioterapia,arcoMAtivoInstabilidade,bit
atendimentofisioterapia,arcoMAtivoRigidez,bit
atendimentofisioterapia,arcoMPasivoFixacao,bit
atendimentofisioterapia,arcoMPasivoHipermobilidade,bit
atendimentofisioterapia,arcoMPasivoHipomobilidade,bit
atendimentofisioterapia,arcoMPasivoInstabilidade,bit
atendimentofisioterapia,arcoMPasivoRigidez,bit
atendimentofisioterapia,assimetria,smallint
atendimentofisioterapia,bracoDireito,varchar
atendimentofisioterapia,bracoEsquerdo,varchar
atendimentofisioterapia,deformacao,smallint
atendimentofisioterapia,desapareceEm,varchar
atendimentofisioterapia,diagnosticoFisioterapico,varchar
atendimentofisioterapia,dorAcordar,bit
atendimentofisioterapia,dorDormir,bit
atendimentofisioterapia,dorManha,bit
atendimentofisioterapia,dorNoite,bit
atendimentofisioterapia,dorTarde,bit
atendimentofisioterapia,eva,varchar
atendimentofisioterapia,examesComplementares,varchar
atendimentofisioterapia,habitosDeVida,varchar
atendimentofisioterapia,hipersensibilidade,smallint
atendimentofisioterapia,hiposensibilidade,smallint
atendimentofisioterapia,historiaPregressaAtualDaDoenca,varchar
atendimentofisioterapia,idAtendimento,int
atendimentofisioterapia,idAtendimentoFisioterapia,int
atendimentofisioterapia,insuportavelEm,varchar
atendimentofisioterapia,localizacaoDolorosa,varchar
atendimentofisioterapia,medicamentos,varchar
atendimentofisioterapia,observacoes,varchar
atendimentofisioterapia,peso,varchar
atendimentofisioterapia,planoTerapeutico,varchar
atendimentofisioterapia,prognostico,varchar
atendimentofisioterapia,queixaPrincipal,varchar
atendimentofisioterapia,recidiva,smallint
atendimentofisioterapia,tratamentosRealizados,varchar
atendimentoformapagamento,idAtendimento,int
atendimentoformapagamento,idAtendimentoFormaPagamento,int
atendimentoformapagamento,idFormaPagamento,int
atendimentoformapagamento,parcelas,int
atendimentoformapagamento,valor,double
atendimentoimagem,dtCadastro,datetime
atendimentoimagem,idAtendimento,int
atendimentoimagem,idAtendimentoImagem,int
atendimentoimagem,idPaciente,int
atendimentoimagem,idprofissional,int
atendimentoimagem,imagem,varchar
atendimentoodonto,arcadas,smallint
atendimentoodonto,assoalhoBoca,varchar
atendimentoodonto,bochecha,varchar
atendimentoodonto,bricismo,smallint
atendimentoodonto,bruxomania,smallint
atendimentoodonto,diastemas,smallint
atendimentoodonto,dorMuscular,smallint
atendimentoodonto,dtCadastro,datetime
atendimentoodonto,estalidosATM,smallint
atendimentoodonto,facetasDesgaste,varchar
atendimentoodonto,gengivaConsistencia,varchar
atendimentoodonto,gengivaCor,varchar
atendimentoodonto,gengivaInserida,smallint
atendimentoodonto,gengivaTextura,varchar
atendimentoodonto,habitoLingua,smallint
atendimentoodonto,habitosAlimentares,smallint
atendimentoodonto,higieneBucal,smallint
atendimentoodonto,idAtendimento,int
atendimentoodonto,idAtendimentoOdonto,int
atendimentoodonto,impactacaoAlimentar,varchar
atendimentoodonto,interfOclusais,varchar
atendimentoodonto,labios,varchar
atendimentoodonto,lingua,varchar
atendimentoodonto,morderObjetos,smallint
atendimentoodonto,mordidaAberta,smallint
atendimentoodonto,obsArcadas,varchar
atendimentoodonto,obsDiastemas,varchar
atendimentoodonto,onicofagia,smallint
atendimentoodonto,palato,varchar
atendimentoodonto,respBucal,smallint
atendimentoodonto,status,smallint
atendimentoodonto,subGengival,smallint
atendimentoodonto,supraGengival,smallint
atendimentoodonto,tabagismo,smallint
atendimentoodonto,tipoPalato,smallint
atendimentooftalmologia,add,varchar
atendimentooftalmologia,anmnese,varchar
atendimentooftalmologia,arefod,varchar
atendimentooftalmologia,arefoe,varchar
atendimentooftalmologia,avccod,varchar
atendimentooftalmologia,avccoe,varchar
atendimentooftalmologia,avscod,varchar
atendimentooftalmologia,avscoe,varchar
atendimentooftalmologia,biomicrospia,varchar
atendimentooftalmologia,conduta,varchar
atendimentooftalmologia,cores,varchar
atendimentooftalmologia,correfod,varchar
atendimentooftalmologia,correfoe,varchar
atendimentooftalmologia,ct,varchar
atendimentooftalmologia,estereopsia,varchar
atendimentooftalmologia,fundoscopia,varchar
atendimentooftalmologia,hipoteseDiagnostica,varchar
atendimentooftalmologia,idAtendimento,int
atendimentooftalmologia,idatendimentooftalmologia,int
atendimentooftalmologia,mo,varchar
atendimentooftalmologia,observacao,varchar
atendimentooftalmologia,ppc,varchar
atendimentooftalmologia,refdinod,varchar
atendimentooftalmologia,refdinoe,varchar
atendimentooftalmologia,refestod,varchar
atendimentooftalmologia,refestoe,varchar
atendimentooftalmologia,tonometria,varchar
atendimentooftalmologia,txtadd,varchar
atendimentooftalmologia,txtanmnese,text
atendimentooftalmologia,txtarefod,varchar
atendimentooftalmologia,txtarefoe,varchar
atendimentooftalmologia,txtavccod,varchar
atendimentooftalmologia,txtavccoe,varchar
atendimentooftalmologia,txtavscod,varchar
atendimentooftalmologia,txtavscoe,varchar
atendimentooftalmologia,txtbiomicrospia,varchar
atendimentooftalmologia,txtconduta,varchar
atendimentooftalmologia,txtcores,varchar
atendimentooftalmologia,txtcorrefod,varchar
atendimentooftalmologia,txtcorrefoe,varchar
atendimentooftalmologia,txtct,varchar
atendimentooftalmologia,txtestereopsia,varchar
atendimentooftalmologia,txtfundoscopia,varchar
atendimentooftalmologia,txthipoteseDiagnostica,varchar
atendimentooftalmologia,txtmo,varchar
atendimentooftalmologia,txtobservacao,varchar
atendimentooftalmologia,txtppc,varchar
atendimentooftalmologia,txtrefdinod,varchar
atendimentooftalmologia,txtrefdinoe,varchar
atendimentooftalmologia,txtrefestod,varchar
atendimentooftalmologia,txtrefestoe,varchar
atendimentooftalmologia,txttonometria,varchar
atendimentoperiodontia,areaPatol,smallint
atendimentoperiodontia,areaPatolLocal,text
atendimentoperiodontia,dente11D,text
atendimentoperiodontia,dente11M,text
atendimentoperiodontia,dente11P,text
atendimentoperiodontia,dente11V,text
atendimentoperiodontia,dente12D,text
atendimentoperiodontia,dente12M,text
atendimentoperiodontia,dente12P,text
atendimentoperiodontia,dente12V,text
atendimentoperiodontia,dente13D,text
atendimentoperiodontia,dente13M,text
atendimentoperiodontia,dente13P,text
atendimentoperiodontia,dente13V,text
atendimentoperiodontia,dente14D,text
atendimentoperiodontia,dente14M,text
atendimentoperiodontia,dente14P,text
atendimentoperiodontia,dente14V,text
atendimentoperiodontia,dente15D,text
atendimentoperiodontia,dente15M,text
atendimentoperiodontia,dente15P,text
atendimentoperiodontia,dente15V,text
atendimentoperiodontia,dente16D,text
atendimentoperiodontia,dente16M,text
atendimentoperiodontia,dente16P,text
atendimentoperiodontia,dente16V,text
atendimentoperiodontia,dente17D,text
atendimentoperiodontia,dente17M,text
atendimentoperiodontia,dente17P,text
atendimentoperiodontia,dente17V,text
atendimentoperiodontia,dente18D,text
atendimentoperiodontia,dente18M,text
atendimentoperiodontia,dente18P,text
atendimentoperiodontia,dente18V,text
atendimentoperiodontia,dente21D,text
atendimentoperiodontia,dente21M,text
atendimentoperiodontia,dente21P,text
atendimentoperiodontia,dente21V,text
atendimentoperiodontia,dente22D,text
atendimentoperiodontia,dente22M,text
atendimentoperiodontia,dente22P,text
atendimentoperiodontia,dente22V,text
atendimentoperiodontia,dente23D,text
atendimentoperiodontia,dente23M,text
atendimentoperiodontia,dente23P,text
atendimentoperiodontia,dente23V,text
atendimentoperiodontia,dente24D,text
atendimentoperiodontia,dente24M,text
atendimentoperiodontia,dente24P,text
atendimentoperiodontia,dente24V,text
atendimentoperiodontia,dente25D,text
atendimentoperiodontia,dente25M,text
atendimentoperiodontia,dente25P,text
atendimentoperiodontia,dente25V,text
atendimentoperiodontia,dente26D,text
atendimentoperiodontia,dente26M,text
atendimentoperiodontia,dente26P,text
atendimentoperiodontia,dente26V,text
atendimentoperiodontia,dente27D,text
atendimentoperiodontia,dente27M,text
atendimentoperiodontia,dente27P,text
atendimentoperiodontia,dente27V,text
atendimentoperiodontia,dente28D,text
atendimentoperiodontia,dente28M,text
atendimentoperiodontia,dente28P,text
atendimentoperiodontia,dente28V,text
atendimentoperiodontia,dente31D,text
atendimentoperiodontia,dente31M,text
atendimentoperiodontia,dente31P,text
atendimentoperiodontia,dente31V,text
atendimentoperiodontia,dente32D,text
atendimentoperiodontia,dente32M,text
atendimentoperiodontia,dente32P,text
atendimentoperiodontia,dente32V,text
atendimentoperiodontia,dente33D,text
atendimentoperiodontia,dente33M,text
atendimentoperiodontia,dente33P,text
atendimentoperiodontia,dente33V,text
atendimentoperiodontia,dente34D,text
atendimentoperiodontia,dente34M,text
atendimentoperiodontia,dente34P,text
atendimentoperiodontia,dente34V,text
atendimentoperiodontia,dente35D,text
atendimentoperiodontia,dente35M,text
atendimentoperiodontia,dente35P,text
atendimentoperiodontia,dente35V,text
atendimentoperiodontia,dente36D,text
atendimentoperiodontia,dente36M,text
atendimentoperiodontia,dente36P,text
atendimentoperiodontia,dente36V,text
atendimentoperiodontia,dente37D,text
atendimentoperiodontia,dente37M,text
atendimentoperiodontia,dente37P,text
atendimentoperiodontia,dente37V,text
atendimentoperiodontia,dente38D,text
atendimentoperiodontia,dente38M,text
atendimentoperiodontia,dente38P,text
atendimentoperiodontia,dente38V,text
atendimentoperiodontia,dente41D,text
atendimentoperiodontia,dente41M,text
atendimentoperiodontia,dente41P,text
atendimentoperiodontia,dente41V,text
atendimentoperiodontia,dente42D,text
atendimentoperiodontia,dente42M,text
atendimentoperiodontia,dente42P,text
atendimentoperiodontia,dente42V,text
atendimentoperiodontia,dente43D,text
atendimentoperiodontia,dente43M,text
atendimentoperiodontia,dente43P,text
atendimentoperiodontia,dente43V,text
atendimentoperiodontia,dente44D,text
atendimentoperiodontia,dente44M,text
atendimentoperiodontia,dente44P,text
atendimentoperiodontia,dente44V,text
atendimentoperiodontia,dente45D,text
atendimentoperiodontia,dente45M,text
atendimentoperiodontia,dente45P,text
atendimentoperiodontia,dente45V,text
atendimentoperiodontia,dente46D,text
atendimentoperiodontia,dente46M,text
atendimentoperiodontia,dente46P,text
atendimentoperiodontia,dente46V,text
atendimentoperiodontia,dente47D,text
atendimentoperiodontia,dente47M,text
atendimentoperiodontia,dente47P,text
atendimentoperiodontia,dente47V,text
atendimentoperiodontia,dente48D,text
atendimentoperiodontia,dente48M,text
atendimentoperiodontia,dente48P,text
atendimentoperiodontia,dente48V,text
atendimentoperiodontia,diagnostico,text
atendimentoperiodontia,dtCadastro,datetime
atendimentoperiodontia,grau1,text
atendimentoperiodontia,grau2,text
atendimentoperiodontia,grau3,text
atendimentoperiodontia,idAtendimento,int
atendimentoperiodontia,idAtendimentoPeriodontia,int
atendimentoperiodontia,laminaDura,smallint
atendimentoperiodontia,laminaDuraLocal,text
atendimentoperiodontia,lesaoFurca,smallint
atendimentoperiodontia,lesaoFurcaLocal,text
atendimentoperiodontia,mobilidade,text
atendimentoperiodontia,perdaOssea,smallint
atendimentoperiodontia,perdaOsseaLocal,text
atendimentoperiodontia,presLesaoFurca,text
atendimentoperiodontia,prognostico,text
atendimentoperiodontia,reabsorcaoRadicular,smallint
atendimentoperiodontia,reabsorcaoRadicularLocal,text
atendimentoperiodontia,restExcesso,smallint
atendimentoperiodontia,restExcessoLocal,text
atendimentoperiodontia,tratInadequado,smallint
atendimentoperiodontia,tratInadequadoLocal,text
atendimentopreanestesia,abdomen,varchar
atendimentopreanestesia,acv,varchar
atendimentopreanestesia,alergias,smallint
atendimentopreanestesia,altura,varchar
atendimentopreanestesia,anestesiaProposta,varchar
atendimentopreanestesia,anictericoIcterico,smallint
atendimentopreanestesia,antecPatologicos,smallint
atendimentopreanestesia,anticoagulanteIniciar,varchar
atendimentopreanestesia,anticoagulanteSuspender,varchar
atendimentopreanestesia,ap,varchar
atendimentopreanestesia,ar,varchar
atendimentopreanestesia,arOpt,smallint
atendimentopreanestesia,asa,varchar
atendimentopreanestesia,bhcg,varchar
atendimentopreanestesia,ca,varchar
atendimentopreanestesia,cargaViral,varchar
atendimentopreanestesia,cirurgiao,varchar
atendimentopreanestesia,cirurgi√£o,varchar
atendimentopreanestesia,cirurgPrevias,smallint
atendimentopreanestesia,cl,varchar
atendimentopreanestesia,conduta,smallint
atendimentopreanestesia,coradoHipocorado,smallint
atendimentopreanestesia,cr,varchar
atendimentopreanestesia,dataExamesComplementares,varchar
atendimentopreanestesia,denticao,smallint
atendimentopreanestesia,descAlergias,varchar
atendimentopreanestesia,descAnictericoIcterico,varchar
atendimentopreanestesia,descAntecPatologicos,varchar
atendimentopreanestesia,descCirugiao,text
atendimentopreanestesia,descCirurgPrevias,varchar
atendimentopreanestesia,descCoradoHipocorado,varchar
atendimentopreanestesia,descDenticao,varchar
atendimentopreanestesia,descHidratadoDesidratado,varchar
atendimentopreanestesia,descMobilidade,varchar
atendimentopreanestesia,descSisCardioVasc,varchar
atendimentopreanestesia,descSisDigestivo,varchar
atendimentopreanestesia,descSisEndocrino,varchar
atendimentopreanestesia,descSisGenitalUrinario,varchar
atendimentopreanestesia,descSisHematologico,varchar
atendimentopreanestesia,descSisNervoso,varchar
atendimentopreanestesia,descSisOsteoMuscular,varchar
atendimentopreanestesia,descSisRespiratorio,varchar
atendimentopreanestesia,descUsoAnticoagulantes,varchar
atendimentopreanestesia,descUsoMedicamentos,varchar
atendimentopreanestesia,descVicios,varchar
atendimentopreanestesia,dtAvalicao,date
atendimentopreanestesia,ecg,varchar
atendimentopreanestesia,estadoGeral,smallint
atendimentopreanestesia,eur,varchar
atendimentopreanestesia,glic,varchar
atendimentopreanestesia,gram,varchar
atendimentopreanestesia,hb,varchar
atendimentopreanestesia,hepatite,smallint
atendimentopreanestesia,hidratadoDesidratado,smallint
atendimentopreanestesia,hiv,smallint
atendimentopreanestesia,hm,varchar
atendimentopreanestesia,hrAvalicao,varchar
atendimentopreanestesia,ht,varchar
atendimentopreanestesia,idade,int
atendimentopreanestesia,idAtendimento,int
atendimentopreanestesia,idAtendimentoPreAnestesia,int
atendimentopreanestesia,idPaciente,int
atendimentopreanestesia,intubacao,smallint
atendimentopreanestesia,jejumHoras,int
atendimentopreanestesia,k,varchar
atendimentopreanestesia,leuc,varchar
atendimentopreanestesia,mallampati,smallint
atendimentopreanestesia,medicamentoSuspender,varchar
atendimentopreanestesia,medicamentoUsar,varchar
atendimentopreanestesia,mobilidade,smallint
atendimentopreanestesia,na,varchar
atendimentopreanestesia,observacoes,text
atendimentopreanestesia,outrasPatologias,smallint
atendimentopreanestesia,outrasPatologiasDesc,varchar
atendimentopreanestesia,outros,varchar
atendimentopreanestesia,pa,varchar
atendimentopreanestesia,pescoco,smallint
atendimentopreanestesia,peso,varchar
atendimentopreanestesia,pqt,varchar
atendimentopreanestesia,procedimentoProposto,varchar
atendimentopreanestesia,profissao,varchar
atendimentopreanestesia,ptta,varchar
atendimentopreanestesia,recomendacoesOutas,varchar
atendimentopreanestesia,responsavel,varchar
atendimentopreanestesia,rni,varchar
atendimentopreanestesia,rx,varchar
atendimentopreanestesia,sisCardioVasc,smallint
atendimentopreanestesia,sisDigestivo,smallint
atendimentopreanestesia,sisEndocrino,smallint
atendimentopreanestesia,sisGenitalUrinario,smallint
atendimentopreanestesia,sisHematologico,smallint
atendimentopreanestesia,sisNervoso,smallint
atendimentopreanestesia,sisOsteoMuscular,smallint
atendimentopreanestesia,sisRespiratorio,smallint
atendimentopreanestesia,tsh,varchar
atendimentopreanestesia,ur,varchar
atendimentopreanestesia,urocultura,varchar
atendimentopreanestesia,usoAnticoagulantes,smallint
atendimentopreanestesia,usoMedicamentos,smallint
atendimentopreanestesia,vicios,smallint
atendimentoprocedimento,faceDente,varchar
atendimentoprocedimento,idAtendimento,int
atendimentoprocedimento,idAtendimentoProcedimento,int
atendimentoprocedimento,idProcedimento,int
atendimentoprocedimento,idProcedimentoTabela,int
atendimentoprocedimento,numeroDente,int
atendimentoprocedimento,regiaoDente,varchar
atendimentoproduto,idAtendimento,int
atendimentoproduto,idAtendimentoProduto,int
atendimentoproduto,idProduto,int
atendimentopropeduticaglaucoma,anmnese,varchar
atendimentopropeduticaglaucoma,campoVisual,varchar
atendimentopropeduticaglaucoma,conduta,varchar
atendimentopropeduticaglaucoma,gcp,varchar
atendimentopropeduticaglaucoma,hipoteseDiagnostica,varchar
atendimentopropeduticaglaucoma,idAtendimento,int
atendimentopropeduticaglaucoma,idAtendimentoPropeduticaGlaucoma,int
atendimentopropeduticaglaucoma,paquimetria,varchar
atendimentopropeduticaglaucoma,retinografia,varchar
atendimentopropeduticaglaucoma,tonometria,varchar
atendimentoresultado,dtCadastro,datetime
atendimentoresultado,idAtendimento,int
atendimentoresultado,idAtendimentoResultado,int
atendimentoresultado,idPaciente,int
atendimentoresultado,idprofissional,int
atendimentoresultado,nomeArquivo,varchar
atendimentoresultado,pathResultado,varchar
campopersonalizado,idCampoPersonalizado,int
campopersonalizado,posicao,int
campopersonalizado,tamanho,int
campopersonalizado,tipo,varchar
campopersonalizado,tituloLabel,varchar
campopersonalizadoresposta,conteudo,text
campopersonalizadoresposta,idAtendimento,int
campopersonalizadoresposta,idCampoPersonalizado,int
campopersonalizadoresposta,idCampoPersonalizadoResposta,int
centrodecusto,descricao,varchar
centrodecusto,idCentroDeCusto,int
centrodecusto,nome,varchar
cheque,agencia,varchar
cheque,contaCorrente,varchar
cheque,dtCadastro,datetime
cheque,dtDeposito,date
cheque,dtVencimento,date
cheque,emitente,varchar
cheque,idCheque,int
cheque,idInstituicaoFinanceira,int
cheque,idTerminalAtendimento,int
cheque,numero,varchar
cheque,observacao,varchar
cheque,status,smallint
cheque,telefone,varchar
cheque,valor,double
chequebaixadofluxobancario,idCheque,int
chequebaixadofluxobancario,idChequeBaixadoFluxoBancario,int
chequebaixadofluxobancario,idFluxoBancario,int
chequehistorico,descricao,varchar
chequehistorico,dtCadastro,datetime
chequehistorico,idAtendimento,int
chequehistorico,idCheque,int
chequehistorico,idChequeHistorico,int
chequehistorico,nomeUsuario,varchar
cid10,categoria,varchar
cid10,descricao,text
cid10,idCid10,int
comissao,dtCadastro,datetime
comissao,dtPrevisao,date
comissao,dtRealizado,date
comissao,idAtendimento,int
comissao,idComissao,int
comissao,status,smallint
comissao,valor,double
conduta,descricao,text
conduta,dtCadastro,datetime
conduta,idConduta,int
conduta,idProfissional,int
conduta,nome,varchar
conduta,status,smallint
contacorrente,agencia,varchar
contacorrente,contaCorrente,varchar
contacorrente,dtCadastro,datetime
contacorrente,idContaCorrente,int
contacorrente,idInstituicaoFinanceira,int
contacorrente,saldoAtual,double
contapagar,descricao,varchar
contapagar,dtCadastro,datetime
contapagar,dtPagamento,date
contapagar,dtVencimento,date
contapagar,idCentroDeCusto,int
contapagar,idContaPagar,int
contapagar,idFornecedor,int
contapagar,numeroDocumento,varchar
contapagar,status,smallint
contapagar,valor,double
contapagarfluxobancario,idContaPagar,int
contapagarfluxobancario,idContaPagarFluxoBancario,int
contapagarfluxobancario,idFluxoBancario,int
contapagarfluxocaixa,idContaPagar,int
contapagarfluxocaixa,idContaPagarFluxoCaixa,int
contapagarfluxocaixa,idFluxoCaixa,int
contapagarhistorico,descricao,varchar
contapagarhistorico,dtCadastro,datetime
contapagarhistorico,idContaPagar,int
contapagarhistorico,idContaPagarHistorico,int
contapagarhistorico,nomeUsuario,varchar
contareceber,desconto,double
contareceber,descricao,varchar
contareceber,dtCadastro,datetime
contareceber,dtPagamento,date
contareceber,dtVencimento,date
contareceber,idAtendimento,int
contareceber,idContaReceber,int
contareceber,idFaturamentoConvenio,int
contareceber,idFormaPagamento,int
contareceber,parcela,int
contareceber,status,smallint
contareceber,valor,double
contarecebercheque,idCheque,int
contarecebercheque,idContaReceber,int
contarecebercheque,idContaReceberCheque,int
contarecebercheque,idFluxoCaixa,int
contareceberfluxocaixa,idContaReceber,int
contareceberfluxocaixa,idContaReceberFluxoCaixa,int
contareceberfluxocaixa,idFluxoCaixa,int
contareceberhistorico,descricao,varchar
contareceberhistorico,dtCadastro,datetime
contareceberhistorico,idContaPagar,int
contareceberhistorico,idContaReceberHistorico,int
contareceberhistorico,nomeUsuario,varchar
controleestoque,dtCadastro,datetime
controleestoque,dtRequisicao,date
controleestoque,idControleEstoque,int
controleestoque,idFormaPagamento,int
controleestoque,idFornecedor,int
controleestoque,notaFiscal,varchar
controleestoque,observacao,varchar
controleestoque,parcelas,smallint
controleestoque,requisitante,varchar
controleestoque,valorTotal,double
controleestoquecontapagar,idContaPagar,int
controleestoquecontapagar,idControleEstoque,int
controleestoquecontapagar,idControleEstoqueContaPagar,int
controleestoqueitens,idControleEstoque,int
controleestoqueitens,idControleEstoqueItens,int
controleestoqueitens,idProduto,int
controleestoqueitens,quantidade,int
controleestoqueitens,valorUnitario,double
convenio,cnpj,varchar
convenio,codigoNaOperadora,varchar
convenio,descricao,varchar
convenio,diaEnvio,int
convenio,diaRecebimento,int
convenio,dtCadastro,datetime
convenio,faturado,smallint
convenio,idConvenio,int
convenio,idTabelaConvenio,int
convenio,observacoes,varchar
convenio,particular,bit
convenio,registroAns,varchar
convenio,responsavel,varchar
convenio,status,smallint
convenio,taxaPlano,double
convenio,telefone,varchar
conveniopcmso,dtCadastro,datetime
conveniopcmso,idConvenio,int
conveniopcmso,idConvenioPcmso,int
conveniopcmso,nomeArquivo,varchar
conveniopcmso,pathPcmso,varchar
dashboarduser,cxAg,bit
dashboarduser,cxAm,bit
dashboarduser,cxAt,bit
dashboarduser,cxCom,bit
dashboarduser,cxCp,bit
dashboarduser,cxCr,bit
dashboarduser,idDashboardUser,int
dashboarduser,idUsuario,int
endereco,bairro,varchar
endereco,cep,varchar
endereco,cidade,varchar
endereco,complemento,varchar
endereco,dtCadastro,datetime
endereco,estado,varchar
endereco,idEndereco,int
endereco,idTipoEndereco,int
endereco,logradouro,varchar
endereco,numero,int
endereco,pais,varchar
endodontiaobjetivos,alteracaoCor,smallint
endodontiaobjetivos,bolsa,varchar
endodontiaobjetivos,calor,smallint
endodontiaobjetivos,carieRestauracao,smallint
endodontiaobjetivos,dtCadastro,datetime
endodontiaobjetivos,fistula,smallint
endodontiaobjetivos,fratura,smallint
endodontiaobjetivos,frio,smallint
endodontiaobjetivos,idAtendimento,int
endodontiaobjetivos,idEndodontiaObjetivos,int
endodontiaobjetivos,mobilidade,smallint
endodontiaobjetivos,numDente,varchar
endodontiaobjetivos,observacao,varchar
endodontiaobjetivos,palpacao,varchar
endodontiaobjetivos,percussao,varchar
endodontiaobjetivos,pulpTester,varchar
endodontiaobjetivos,testeCavidade,varchar
endodontiaobjetivos,trauma,smallint
endodontiaobjetivos,tumefacao,smallint
endodontiaobtidos,canal,varchar
endodontiaobtidos,cpc,varchar
endodontiaobtidos,cri,varchar
endodontiaobtidos,ct,varchar
endodontiaobtidos,dtCadastro,datetime
endodontiaobtidos,grampo,varchar
endodontiaobtidos,idConsultaOdonto,int
endodontiaobtidos,idEndodontiaObtidos,int
endodontiaobtidos,limaFinal,varchar
endodontiaobtidos,numDente,varchar
endodontiaobtidos,referencia,varchar
endodontiaradiograficos,anomaliaAnatomica,smallint
endodontiaradiograficos,camaraPulpar,smallint
endodontiaradiograficos,canaisObstruidos,smallint
endodontiaradiograficos,dtCadastro,datetime
endodontiaradiograficos,fraturaRadicular,smallint
endodontiaradiograficos,hipercementose,smallint
endodontiaradiograficos,idAtendimento,int
endodontiaradiograficos,idEndodontiaRadiograficos,int
endodontiaradiograficos,numDente,varchar
endodontiaradiograficos,observacao,varchar
endodontiaradiograficos,osteiteCodens,smallint
endodontiaradiograficos,perfuracao,smallint
endodontiaradiograficos,pericemento,smallint
endodontiaradiograficos,raizesDelgadas,smallint
endodontiaradiograficos,rarefacao,smallint
endodontiaradiograficos,reabsorcao,smallint
endodontiaradiograficos,rizogeneseIncompl,smallint
endodontiasubjetivos,aguda,smallint
endodontiasubjetivos,dtCadastro,datetime
endodontiasubjetivos,duracao,smallint
endodontiasubjetivos,duracaoSeg,varchar
endodontiasubjetivos,idAtendimento,int
endodontiasubjetivos,idEndodontiaSubjetivos,int
endodontiasubjetivos,intensidade,varchar
endodontiasubjetivos,localizacao,smallint
endodontiasubjetivos,numDente,varchar
endodontiasubjetivos,presente,smallint
endodontiasubjetivos,pulsatil,smallint
especialidade,descricao,varchar
especialidade,dtCadastro,datetime
especialidade,idEspecialidade,int
especialidade,status,smallint
especialidade,telaAtendimento,smallint
especialidadeprofissional,idEspecialidade,int
especialidadeprofissional,idEspecialidadeProfissional,int
especialidadeprofissional,idProfissional,int
evolucao,dtEvolucao,date
evolucao,evolucao,text
evolucao,idEvolucao,int
evolucao,idPaciente,int
evolucao,idProfissional,int
evolucoes,conteudo,varchar
evolucoes,dtEvolucao,varchar
evolucoes,idEvolucao,int
evolucoes,idPaciente,int
evolucoes,idUsuarioMedico,int
evolucoes,revisao,int
faturamentocomissao,descricao,varchar
faturamentocomissao,dtCadastro,date
faturamentocomissao,dtFaturamento,date
faturamentocomissao,idFaturamentoComissao,int
faturamentocomissao,idProfissional,int
faturamentocomissao,valorTotal,double
faturamentocomissaocomissao,idComissao,int
faturamentocomissaocomissao,idFaturamentoComissao,int
faturamentocomissaocomissao,idFaturamentoComissaoComissao,int
faturamentoconvenio,descricao,varchar
faturamentoconvenio,dtCadastro,datetime
faturamentoconvenio,dtFaturamento,datetime
faturamentoconvenio,idConvenio,int
faturamentoconvenio,idFaturamentoConvenio,int
faturamentoconvenio,nomeArquivo,varchar
faturamentoconvenio,numeroLote,int
faturamentoconvenio,pathLoteTiss,varchar
faturamentoconvenio,valor,double
faturamentoconvenio,versaoTiss,varchar
faturamentoconvenioatendimento,idAtendimento,int
faturamentoconvenioatendimento,idFaturamentoConvenio,int
faturamentoconvenioatendimento,idFaturamentoConvenioAtendimento,int
feriado,descricao,varchar
feriado,dtCadastro,date
feriado,dtFeriado,date
feriado,dtFinal,date
feriado,fixo,bit
feriado,idFeriado,int
feriado,idProfissional,int
feriado,status,smallint
feriado,tipo,smallint
fluxobancario,descricao,varchar
fluxobancario,dtCadastro,datetime
fluxobancario,dtTransacao,date
fluxobancario,estornavel,smallint
fluxobancario,idContaCorrente,int
fluxobancario,idFluxoBancario,int
fluxobancario,saldoPrevisto,double
fluxobancario,saldoRealizado,double
fluxobancario,valor,double
fluxocaixa,descricao,varchar
fluxocaixa,dtCadastro,datetime
fluxocaixa,dtTransacao,date
fluxocaixa,idAtendimento,int
fluxocaixa,idFluxoCaixa,int
fluxocaixa,idTerminalAtendimento,int
fluxocaixa,saldo,double
fluxocaixa,valor,double
formapagamento,descricao,varchar
formapagamento,dtCadastro,datetime
formapagamento,idFormaPagamento,int
formapagamento,idFormaPagamentoIntegracao,int
formapagamento,status,smallint
formapagamento,statusPagar,bit
formapagamento,statusReceber,bit
formapagamento,taxaComissao,double
formapagamentointegracao,descricao,varchar
formapagamentointegracao,dtCadastro,datetime
formapagamentointegracao,idFormaPagamentoIntegracao,int
formapagamentointegracao,status,smallint
fornecedor,cnpjCpf,varchar
fornecedor,contato,varchar
fornecedor,dtCadastro,datetime
fornecedor,email,varchar
fornecedor,idEndereco,int
fornecedor,idFornecedor,int
fornecedor,inscricaoEstadual,varchar
fornecedor,nomeFantasia,varchar
fornecedor,observacao,varchar
fornecedor,razaoSocial,varchar
fornecedor,status,smallint
fornecedor,telefone1,varchar
fornecedor,telefone2,varchar
grupopermissao,idGrupoPermissao,int
grupopermissao,idGrupoUsuario,int
grupopermissao,idPermissaoAcesso,int
grupousuario,descricao,varchar
grupousuario,dtCadastro,datetime
grupousuario,idGrupoUsuario,int
grupousuario,status,smallint
horarioagendamento,diaSemana,int
horarioagendamento,dtCadastro,datetime
horarioagendamento,dtFinal,date
horarioagendamento,dtInicial,date
horarioagendamento,horario,time
horarioagendamento,idHorarioAgendamento,int
horarioagendamento,idProfissional,int
horarioagendamento,status,smallint
instituicaofinanceira,descricao,varchar
instituicaofinanceira,dtCadastro,datetime
instituicaofinanceira,idInstituicaoFinanceira,int
instituicaofinanceira,numero,int
instituicaofinanceira,status,smallint
lembrete,data,date
lembrete,descricao,varchar
lembrete,horario,datetime
lembrete,idLembrete,int
lembrete,idUsuario,int
lembrete,lembretePrivado,bit
lembrete,lstUsers,varchar
lembrete,recorrencia,smallint
lembrete,titulo,varchar
log,data,date
log,descricao,varchar
log,hora,datetime
log,idElemento,int
log,idLog,int
log,idUser,int
log,ip,varchar
log,loginUser,varchar
log,mac,varchar
log,tabelaBanco,varchar
meta,dtCadastro,date
meta,dtFinal,date
meta,dtInicial,date
meta,idConvenio,int
meta,idMeta,int
meta,idProcedimento,int
meta,qtde,int
meta,status,smallint
newsletter,dtCadastro,date
newsletter,idNewsLetter,int
newsletter,mensagem,mediumtext
newsletter,tipo,smallint
newsletter,titulo,varchar
paciente,anotacoesGerais,text
paciente,atendimentoRN,char
paciente,bairro,varchar
paciente,cep,varchar
paciente,cidade,varchar
paciente,complemento,varchar
paciente,cpf,varchar
paciente,cpf2,tinyblob
paciente,dataValidadeCarteira,date
paciente,dependenteDe,int
paciente,dtCadastro,datetime
paciente,dtNascimento,date
paciente,email,varchar
paciente,endereco,varchar
paciente,estadoCivil,varchar
paciente,flgNewsletter,smallint
paciente,idConvenio,int
paciente,idEndereco,int
paciente,identificadorBeneficiario,tinyint
paciente,idPaciente,int
paciente,imagem,varchar
paciente,mae,varchar
paciente,naturalidade,varchar
paciente,nome,varchar
paciente,numero,varchar
paciente,numeroCarteira,varchar
paciente,numeroCNS,varchar
paciente,observacao,varchar
paciente,pai,varchar
paciente,profissao,varchar
paciente,rg,varchar
paciente,sexo,smallint
paciente,status,smallint
paciente,telefone1,varchar
paciente,telefone2,varchar
paciente,uf,varchar
pacientefichaclinica,alcoolismo,varchar
pacientefichaclinica,alergico,smallint
pacientefichaclinica,atividadesFisicas,smallint
pacientefichaclinica,deficiente,smallint
pacientefichaclinica,descAlergia,varchar
pacientefichaclinica,descAtividadesFisicas,varchar
pacientefichaclinica,descDoencasAnterioresOutros,varchar
pacientefichaclinica,descHfOutros,varchar
pacientefichaclinica,doencasAnterioresAsma,smallint
pacientefichaclinica,doencasAnterioresCardioVasculares,smallint
pacientefichaclinica,doencasAnterioresDerrames,smallint
pacientefichaclinica,doencasAnterioresDisritmia,smallint
pacientefichaclinica,doencasAnterioresEplepsia,smallint
pacientefichaclinica,doencasAnterioresHepatite,smallint
pacientefichaclinica,doencasAnterioresOutros,smallint
pacientefichaclinica,doencasAnterioresPerdaAudicao,smallint
pacientefichaclinica,doencasAnterioresPneumonia,smallint
pacientefichaclinica,doencasAnterioresPressaoAlta,smallint
pacientefichaclinica,doencasAnterioresPressaoBaixa,smallint
pacientefichaclinica,fatorRh,smallint
pacientefichaclinica,freqAtividadesFisicas,varchar
pacientefichaclinica,hfAlcoolismo,smallint
pacientefichaclinica,hfCancer,smallint
pacientefichaclinica,hfCardioVascular,smallint
pacientefichaclinica,hfDerrames,smallint
pacientefichaclinica,hfDiabetes,smallint
pacientefichaclinica,hfHipertensao,smallint
pacientefichaclinica,hfObesidade,smallint
pacientefichaclinica,hfOutros,smallint
pacientefichaclinica,hfPsiquiatrica,smallint
pacientefichaclinica,idPaciente,int
pacientefichaclinica,idPacienteFichaClinica,int
pacientefichaclinica,internacao,smallint
pacientefichaclinica,status,smallint
pacientefichaclinica,tabagismo,varchar
pacientefichaclinica,tipoSanguineo,smallint
pacientefichaclinica,transfusao,smallint
pacientefichaclinica,vacinacaoAntitetanica,smallint
pacientefichaclinica,vacinacaoCaxuma,smallint
pacientefichaclinica,vacinacaoGripe,smallint
pacientefichaclinica,vacinacaoHepatite,smallint
pacientefichaclinica,vacinacaoSarampo,smallint
painel,especialidade,varchar
painel,hrChamada,time
painel,idPainel,int
painel,nomePaciente,varchar
painel,nomeProfissional,varchar
painel,sala,int
parametro,atributo,varchar
parametro,descricao,varchar
parametro,dtCadastro,datetime
parametro,idParametros,int
parametro,tabela,varchar
pcmsoexamesaso,dtExame,datetime
pcmsoexamesaso,idAso,int
pcmsoexamesaso,idPcmsoExamesAso,int
pcmsoexamesaso,idPcmsoExamesProcedimentos,int
pcmsoexamesaso,normalAnormal,smallint
pcmsoexamesaso,observacoes,varchar
pcmsoexamesaso,periodicidade,smallint
pcmsoexamesprocedimentofuturo,data,datetime
pcmsoexamesprocedimentofuturo,idConvenio,int
pcmsoexamesprocedimentofuturo,idPaciente,int
pcmsoexamesprocedimentofuturo,idPcmsoExamesProcedimentoFuturo,int
pcmsoexamesprocedimentofuturo,idPcmsoExamesProcedimentos,int
pcmsoexamesprocedimentos,codigo,varchar
pcmsoexamesprocedimentos,exame,varchar
pcmsoexamesprocedimentos,idPcmsoExamesProcedimentos,int
pcmsosetores,idPcmsoSetores,int
pcmsosetores,setor,varchar
permissaoacesso,dtCadastro,datetime
permissaoacesso,idPermissaoAcesso,int
permissaoacesso,role,varchar
permissaoacesso,status,smallint
permissaourl,descricao,varchar
permissaourl,idPermissaoUrl,int
personalizacao,basico,bit
personalizacao,btChamada,bit
personalizacao,cronometro,bit
personalizacao,cxConduta,bit
personalizacao,cxProcedimento,bit
personalizacao,cxRetorno,bit
personalizacao,diagPrincipal,bit
personalizacao,diagSecundario,bit
personalizacao,disturbio,bit
personalizacao,evolucao,bit
personalizacao,exFisico,bit
personalizacao,fichaMedica,bit
personalizacao,hf,bit
personalizacao,hma,bit
personalizacao,hmp,bit
personalizacao,idPersonalizacao,int
personalizacao,idProfissional,int
personalizacao,imc,bit
personalizacao,indAcidente,bit
personalizacao,indClinica,bit
personalizacao,mtEncerramento,bit
personalizacao,obs,bit
personalizacao,obsAnamnese,bit
personalizacao,prescricaoMemed,bit
personalizacao,qp,bit
personalizacao,resExLaboratorial,bit
personalizacao,resMetImagens,bit
personalizacao,tipoConsulta,bit
personalizacaocampopersonalizado,idCampoPersonalizado,int
personalizacaocampopersonalizado,idPersonalizacao,int
personalizacaocampopersonalizado,idPersonalizacaoCampoPersonalizado,int
personalizacaocampopersonalizado,mostrar,bit
pesquisa,anonimato,smallint
pesquisa,dtCadastro,datetime
pesquisa,idAtendimento,int
pesquisa,idPesquisa,int
pesquisa,notaAtendimento,smallint
pesquisa,notaClinica,smallint
pesquisa,observacao,text
procedimento,descricao,varchar
procedimento,dtCadastro,datetime
procedimento,idProcedimento,int
procedimento,status,smallint
procedimento,tuss,varchar
procedimento,valorParticular,double
procedimentotabela,anestesia,varchar
procedimentotabela,dtCadastro,datetime
procedimentotabela,filme,varchar
procedimentotabela,idProcedimento,int
procedimentotabela,idProcedimentoTabela,int
procedimentotabela,idTabelaConvenio,int
procedimentotabela,porte,varchar
procedimentotabela,valor,double
procedimentotiss,idProcedimentoTabela,int
procedimentotiss,idProcedimentoTiss,int
procedimentotiss,idTiss,int
procedimentotiss,quantidadeExecutada,int
procedimentotiss,reducaoAcrescimo,double
procedimentotiss,tecnicaUtilizada,varchar
procedimentotiss,valorTotal,double
procedimentotiss,valorUnitario,double
procedimentotiss,viaAcesso,varchar
produto,descricao,varchar
produto,dtCadastro,datetime
produto,estoqueAtual,int
produto,estoqueMinimo,int
produto,idProduto,int
produto,idUltimoFornecedor,int
produto,idUnidadeMedida,int
produto,observacao,varchar
produto,status,smallint
produto,tuss,varchar
produto,valorCompra,double
profissional,cbos,varchar
profissional,comissao,double
profissional,conselhoProfissional,varchar
profissional,cpf,varchar
profissional,crm,varchar
profissional,dtCadastro,datetime
profissional,email,varchar
profissional,idProfissional,int
profissional,nome,varchar
profissional,novoAtendimento,bit
profissional,possuiAgenda,bit
profissional,sala,smallint
profissional,status,smallint
profissional,tipoComissao,smallint
profissional,uf,varchar
profissionalconvenio,codigoPrestadorNaOperadora,varchar
profissionalconvenio,idConvenio,int
profissionalconvenio,idProfissional,int
profissionalconvenio,idProfissionalConvenio,int
protocolosdeatendimento,idProfissional,int
protocolosdeatendimento,idProtocolosDeAtendimento,int
protocolosdeatendimento,nomeProtocolo,varchar
protocolosdeatendimento,status,smallint
protocolosdeatendimento,textoProtocolo,text
reserva,dtReserva,date
reserva,idAgendamento,int
reserva,idHorarioAgendamento,int
reserva,idReserva,int
respostacomoconheceu,descricao,varchar
respostacomoconheceu,idRespostaComoConheceu,int
retornoprocedimento,dataCasdastro,datetime
retornoprocedimento,dataRetorno,datetime
retornoprocedimento,idAtendimentoProcedimento,int
retornoprocedimento,idRetornoProcedimento,int
retornoprocedimento,tempoRetorno,int
sistema,agendaVisualizacao,bit
sistema,caminhoApp,varchar
sistema,cnes,varchar
sistema,cnpj,varchar
sistema,contato,varchar
sistema,descricao,varchar
sistema,dtCadastro,datetime
sistema,email,varchar
sistema,idEndereco,int
sistema,idSistema,int
sistema,maxSession,int
sistema,mensagemPersonalizadaConfirmacao,text
sistema,minioPassword,varchar
sistema,minioUrl,varchar
sistema,minioUser,varchar
sistema,nomeFantasia,varchar
sistema,numeroGuiaPrestador,varchar
sistema,pathLogo,varchar
sistema,permitePacienteConfirmar,bit
sistema,portaSMTP,varchar
sistema,prontuarioVisualizacao,bit
sistema,senhaEmail,varchar
sistema,serial,varchar
sistema,servidorSMTP,varchar
sistema,status,smallint
sistema,telaEspecialidadeAtendimento,smallint
sistema,telefone1,varchar
sistema,telefone2,varchar
sistema,tipoClinica,smallint
sistema,uppercase,bit
sistema,usuarioEmail,varchar
sistema,versao,varchar
tabelacbo,codigo,varchar
tabelacbo,descricao,varchar
tabelacbo,idTabelaCbo,int
tabelaconselhoprofissional,codigo,varchar
tabelaconselhoprofissional,descricao,varchar
tabelaconselhoprofissional,idTabelaConselhoProfissional,int
tabelaconvenio,codigo,varchar
tabelaconvenio,descricao,varchar
tabelaconvenio,dtCadastro,datetime
tabelaconvenio,idTabelaConvenio,int
tabelaconvenio,status,smallint
tabeladente,descricao,varchar
tabeladente,idTabelaDente,int
tabeladente,sigla,varchar
tabelaface,descricao,varchar
tabelaface,idTabelaFace,int
tabelaface,sigla,varchar
tabelaindicacaoacidente,codigo,smallint
tabelaindicacaoacidente,idTabelaIndicacaoAcidente,int
tabelaindicacaoacidente,termo,varchar
tabelamotivoencerramento,codigo,varchar
tabelamotivoencerramento,idTabelaMotivoEncerramento,int
tabelamotivoencerramento,termo,varchar
tabelaregiao,descricao,varchar
tabelaregiao,idTabelaRegiao,int
tabelaregiao,sigla,varchar
tabelatipoconsulta,codigo,smallint
tabelatipoconsulta,idTabelaTipoConsulta,int
tabelatipoconsulta,termo,varchar
tabelauf,codigo,varchar
tabelauf,idTabelaUF,int
tabelauf,sigla,varchar
tabelauf,termo,varchar
terminalatendimento,descricao,varchar
terminalatendimento,dtCadastro,datetime
terminalatendimento,idTerminalAtendimento,int
terminalatendimento,saldo,double
ticketsuporte,conteudo,varchar
ticketsuporte,dataAbertura,datetime
ticketsuporte,dataFechamento,datetime
ticketsuporte,idTicketSuporte,int
ticketsuporte,idUsuario,int
ticketsuporte,resolucao,varchar
ticketsuporte,status,smallint
tipoatendimento,cor,varchar
tipoatendimento,descricao,varchar
tipoatendimento,dtCadastro,datetime
tipoatendimento,flag,varchar
tipoatendimento,idTipoAtendimento,int
tipoatendimento,numero,varchar
tipoatendimento,orcamento,bit
tipoatendimento,status,smallint
tipoendereco,descricao,varchar
tipoendereco,dtCadastro,datetime
tipoendereco,idTipoEndereco,int
tipoendereco,status,smallint
tiss,carater,smallint
tiss,dataAutorizacao,date
tiss,dataValidadeSenha,date
tiss,dtCadastro,datetime
tiss,guiaPrestador,varchar
tiss,guiaPrincipal,varchar
tiss,idAtendimento,int
tiss,idTiss,int
tiss,numeroGuiaOperadora,varchar
tiss,observacao,varchar
tiss,senha,varchar
tissdespesa,autorizacaoFuncionamento,varchar
tissdespesa,codigoDespesa,varchar
tissdespesa,codigoProcedimento,varchar
tissdespesa,codigoRefFabricante,varchar
tissdespesa,codigoTabela,varchar
tissdespesa,dataExecucao,date
tissdespesa,descricaoProcedimento,varchar
tissdespesa,horaFinal,time
tissdespesa,horaInicial,time
tissdespesa,idTiss,int
tissdespesa,idTissDespesa,int
tissdespesa,quantidadeExecutada,double
tissdespesa,reducaoAcrescimo,double
tissdespesa,registroANVISA,varchar
tissdespesa,unidadeMedida,varchar
tissdespesa,valorTotal,double
tissdespesa,valorUnitario,double
tisssadt,_10nomebeneficiario,varchar
tisssadt,_11cartaonacionalDeSaude,varchar
tisssadt,_12atendimentoRn,varchar
tisssadt,_13codigoNaOperadora,varchar
tisssadt,_15nomeProfissionalSolicitante,varchar
tisssadt,_16conselhoProfissionalSolicitante,varchar
tisssadt,_17numeroNoConselhoProfissionalSolicitante,varchar
tisssadt,_18ufNoConselhoProfissionalSolicitante,varchar
tisssadt,_19cboProfissionalSolicitante,varchar
tisssadt,_1registroAns,varchar
tisssadt,_21caraterDoAtendimento,varchar
tisssadt,_22dataDaSolicitacao,datetime
tisssadt,_23indicacaoClinica,varchar
tisssadt,_29codigoNaOperadoraDoContratado,varchar
tisssadt,_2numeroDaGuiaNoPrestador,varchar
tisssadt,_30nomeContratadoExecutante,varchar
tisssadt,_31codigoCNESExecutante,varchar
tisssadt,_32tipoAtendimento,varchar
tisssadt,_33indicacaoDeAcidente,varchar
tisssadt,_34tipoDeConsulta,varchar
tisssadt,_35motivoEncerramentoAtendimento,varchar
tisssadt,_3numeroDaGuiaPrincipal,varchar
tisssadt,_4dataDaAutorizacao,datetime
tisssadt,_56dataRealizacaoProcedimentosSerie01,datetime
tisssadt,_56dataRealizacaoProcedimentosSerie010,datetime
tisssadt,_56dataRealizacaoProcedimentosSerie02,datetime
tisssadt,_56dataRealizacaoProcedimentosSerie03,datetime
tisssadt,_56dataRealizacaoProcedimentosSerie04,datetime
tisssadt,_56dataRealizacaoProcedimentosSerie05,datetime
tisssadt,_56dataRealizacaoProcedimentosSerie06,datetime
tisssadt,_56dataRealizacaoProcedimentosSerie07,datetime
tisssadt,_56dataRealizacaoProcedimentosSerie08,datetime
tisssadt,_56dataRealizacaoProcedimentosSerie09,datetime
tisssadt,_58observacoes,varchar
tisssadt,_59totalProcedimentos,double
tisssadt,_5senha,varchar
tisssadt,_60totalTaxasAlugueis,double
tisssadt,_61totalMateriais,double
tisssadt,_62totalOPME,double
tisssadt,_63totalMedicamentos,double
tisssadt,_64totalGeral,double
tisssadt,_6dataValidadeSenha,datetime
tisssadt,_7numeroDaGuiaAtribuidoPelaOperadora,varchar
tisssadt,_8numeroDaCarteira,varchar
tisssadt,_9alidadeDaCarteira,datetime
tisssadt,ausenciaDoCodigoDeValidacao,varchar
tisssadt,caraterDoAendimento,varchar
tisssadt,cartaoNacionalDeSaude,varchar
tisssadt,codigoCboDoSolicitante,varchar
tisssadt,codigoDeValidacao,varchar
tisssadt,codigoDoContratadoSolicitanteNaOperadora,varchar
tisssadt,codigoDoProcedimentoSolicitado,varchar
tisssadt,conselhoProfissionalDoSolicitante,varchar
tisssadt,dataDaSolicitacao,datetime
tisssadt,etapaDaAutorizacao,varchar
tisssadt,identificadorBiometricoDobeneficiario,varchar
tisssadt,idTissSadt,int
tisssadt,indicacaoClinica,varchar
tisssadt,indicadorDeAtendimentoAoRecemNato,varchar
tisssadt,nomeDoBeneficiario,varchar
tisssadt,nomeDoContratadoSolicitante,varchar
tisssadt,nomeDoProfissionalSolicitante,varchar
tisssadt,numeroDaCarteiraDoBeneficiario,varchar
tisssadt,numeroDaGuiaNoPrestador,varchar
tisssadt,numeroDaGuiaPrincipal,varchar
tisssadt,numeroDoSolicitanteNoConselhoProfissional,varchar
tisssadt,registroAns,varchar
tisssadt,tabelaDeReferenciaDoProcedimentoSolicitado,varchar
tisssadt,templateBiometrico,varchar
tisssadt,tipoDeIdentificacaoDobeneficiario,varchar
tisssadt,ufConselhoProfisisonalDoSolicitante,varchar
tisssadtprocedimentos,_36dataRealizacao,datetime
tisssadtprocedimentos,_37horaInicial,time
tisssadtprocedimentos,_38horaFinal,time
tisssadtprocedimentos,_39tabela,varchar
tisssadtprocedimentos,_40codigoProcedimento,varchar
tisssadtprocedimentos,_41descricaoProcedimento,varchar
tisssadtprocedimentos,_42qtd,int
tisssadtprocedimentos,_43viaDeAcesso,varchar
tisssadtprocedimentos,_44tecnicaUtilizada,varchar
tisssadtprocedimentos,_45fatorRedAcrescimo,double
tisssadtprocedimentos,_46valorUnitario,double
tisssadtprocedimentos,_47valorTotal,double
tisssadtprocedimentos,idTissSadt,int
tisssadtprocedimentos,idTissSadtprocedimentos,int
tisssadtprofissionaisexecutantes,_48sequencialRef,varchar
tisssadtprofissionaisexecutantes,_49grauParticipacao,varchar
tisssadtprofissionaisexecutantes,_50cpf,varchar
tisssadtprofissionaisexecutantes,_51nomeProfissional,varchar
tisssadtprofissionaisexecutantes,_52conselhoprofissionalExecutante,varchar
tisssadtprofissionaisexecutantes,_53numeroConselhoProfisisonalExecutante,varchar
tisssadtprofissionaisexecutantes,_54ufConselhoProfissionalExecutante,varchar
tisssadtprofissionaisexecutantes,_55cboExecutante,varchar
tisssadtprofissionaisexecutantes,idTissSadt,int
tisssadtprofissionaisexecutantes,idTissSadtProfissionaisExecutantes,int
tissvalores,idTiss,int
tissvalores,idTissValores,int
tissvalores,valorDiarias,double
tissvalores,valorGasesMedicinais,double
tissvalores,valorMateriais,double
tissvalores,valorMedicamentos,double
tissvalores,valorOPME,double
tissvalores,valorProcedimento,double
tissvalores,valorTaxasAlugueis,double
tissvalores,valorTotalGeral,double
unidademedida,codigo,varchar
unidademedida,descricao,varchar
unidademedida,dtCadastro,datetime
unidademedida,idUnidadeMedida,int
unidademedida,status,smallint
urlacesso,idPermissaoAcesso,int
urlacesso,idPermissaoUrl,int
urlacesso,idUrlAcesso,int
urlpainel,descricao,varchar
urlpainel,dtCadastro,datetime
urlpainel,exibido,smallint
urlpainel,idUrlPainel,int
urlpainel,status,smallint
urlpainel,url,varchar
usuario,descontoPermitido,smallint
usuario,dtCadastro,datetime
usuario,dtUltimoAcesso,datetime
usuario,email,varchar
usuario,flgNewsletter,smallint
usuario,idGrupoUsuario,int
usuario,idProfissional,int
usuario,idUsuario,int
usuario,imagem,varchar
usuario,login,varchar
usuario,nomeCompleto,varchar
usuario,senha,varchar
usuario,status,smallint
usuario,token,varchar
usuario,visualizacaoLembretes,bit
usuarioterminalatendimento,idTerminalAtendimento,int
usuarioterminalatendimento,idUsuario,int
usuarioterminalatendimento,idUsuarioTerminalAtendimento,int
usuarioterminalatendimento,principal,int
vacina,cor,varchar
vacina,descricao,varchar
vacina,estoqueMinimo,int
vacina,fabricante,varchar
vacina,idUnidadeMedida,int
vacina,idVacina,int
vacina,observacao,varchar
vacina,status,smallint
vacinalotes,dtCompra,date
vacinalotes,idFornecedor,int
vacinalotes,idVacina,int
vacinalotes,idVacinaLotes,int
vacinalotes,lote,varchar
vacinalotes,nf,varchar
vacinalotes,qtdEstoque,int
vacinalotes,qtdReserva,int
vacinalotes,validade,date
vacinapaciente,dose,varchar
vacinapaciente,dtAplicacao,date
vacinapaciente,estabelecimentoDeSaude,varchar
vacinapaciente,idPaciente,int
vacinapaciente,idVacinaLotes,int
vacinapaciente,idVacinaPaciente,int
vacinapaciente,localDaAplicacao,varchar
vacinapaciente,vacinador,varchar
vacinareserva,idAgendamento,int
vacinareserva,idVacinaLotes,int
vacinareserva,idVacinaReserva,int
